,point1,point2,tm_region,tm1,tm2,tm3,RNAfold_score,primer1,primer2,score
0,4,2,4.557478004747907,41.41012751505167,39.61276460149713,44.17024260624504,-10.2,CACACACAGCAGCCCAGTGCGTCTATTTAGTGGAGCCTGCAGTCAGTTGCCTCTCG,TCGTCCCCCTTGCCACTGCAGGCTCCA,1.7710008154862416
1,5,2,5.20837368417466,35.379360298837184,37.760270438013436,40.587733983011844,-11.7,CCAAGTGGTACACCCAGTGCGTCTATTTAGTGGAGCCTGCAGTCAGCAGAAACAGC,TCTCGCACACACACACTGCAGGCTCCA,1.9163582192509014
2,7,2,3.512624945791572,44.97091212605386,41.45828718026229,41.81047187046374,-9.3,TCGGTAGGGGCGACCAGTGCGTCTATTTAGTGGAGCCTGCAGTCCGCATGACGAAC,ACACACTCCAGCGGACTGCAGGCTCCA,2.09894866043563
3,8,2,3.9734851330898664,39.00639459801687,37.40734356593981,41.38082869902968,-11.7,GCCCAAGTGGTACCCAGTGCGTCTATTTAGTGGAGCCTGCAGTAGCAGCAGAAACA,CCTCTCGCACACAGACTGCAGGCTCCA,2.1362775048084934
4,7,2,6.741402806210999,33.98899027719614,38.76549649662536,40.73039308340714,-11.7,CAAGTGGTACACACCAGTGCGTCTATTTAGTGGAGCCTGCAGTAGCAGAAACAGCC,CTCGCACACACAGGACTGCAGGCTCCA,2.4936518424813814
5,5,2,8.770037292936763,35.15765669149539,38.03766865103637,43.92769398443215,-11.5,AGTGGTACACACACCAGTGCGTCTATTTAGTGGAGCCTGCAGTCAGAAACAGCCCA,CGCACACACAGCACACTGCAGGCTCCA,2.583644256411234
6,12,2,3.9393531614839503,36.355264165364986,37.760270438013436,40.294617326848936,-11.7,CCCAAGTGGTACACCAGTGCGTCTATTTAGTGGAGCCTGCAGTGCAGCAGAAACAG,CTCTCGCACACACTACTGCAGGCTCCA,2.7242140663873284
7,12,2,2.8644313653418862,43.92769398443215,42.338386868019256,41.06326261909027,-7.8,CGCACACACAGCACCAGTGCGTCTATTTAGTGGAGCCTGCAGTCGCAGTTGCCTCT,ACTCGTCCCCCTTCACTGCAGGCTCCA,2.845347915134833
8,5,4,5.2763175444590615,36.13380997059261,36.40203892914849,41.41012751505167,-10.0,GTGGTACACACACCCAGTGCGTCTATTTAGTGGAGCCTGCAGTAGAAACAGCCCAA,GCACACACAGCAGGACTGCAGGCTCCA,3.241699372530003
9,8,4,3.417108711203298,41.12054012347636,38.98811573648504,42.40522444768834,-9.4,ACAGCCCAAGTGGCCAGTGCGTCTATTTAGTGGAGCCTGCAGTCACAGCAGCAGAA,TTGCCTCTCGCACTACTGCAGGCTCCA,3.3963684828760594
10,6,4,5.492776038476791,41.22121618970783,41.89200684027793,46.71399222818462,-10.2,ACACACAGCAGCACCAGTGCGTCTATTTAGTGGAGCCTGCAGTAGTTGCCTCTCGC,CGTCCCCCTTGCGGACTGCAGGCTCCA,3.413519750239247
11,14,2,4.189873750445315,40.587733983011844,44.77760773345716,42.27753270725617,-7.3,TCTCGCACACACACCAGTGCGTCTATTTAGTGGAGCCTGCAGTTTGCGCAGTTGCC,CGAACTCGTCCCCGACTGCAGGCTCCA,3.425417862830033
12,10,3,6.092655621301333,40.919134342874315,42.40522444768834,47.01178996417565,-11.1,CACACAGCAGCAGCCAGTGCGTCTATTTAGTGGAGCCTGCAGTGTTGCCTCTCGCA,GTCCCCCTTGCGCTACTGCAGGCTCCA,3.456807418852318
13,15,3,2.6582046506340475,38.42644095360174,41.08464560423579,39.688696989914945,-12.1,TTCTCCATGCAGCCCAGTGCGTCTATTTAGTGGAGCCTGCAGTGGTAGGGGCGATC,CGCATGACGAACTGACTGCAGGCTCCA,3.4903419756917766
14,14,2,4.9176269315888135,40.73039308340714,45.64802001499595,41.33761295462563,-7.7,CTCGCACACACAGCCAGTGCGTCTATTTAGTGGAGCCTGCAGTTGCGCAGTTGCCT,GAACTCGTCCCCCAACTGCAGGCTCCA,3.5258609893414508
15,6,4,5.554538172480477,39.84863707587215,44.17024260624504,38.61570443376456,-7.8,GCAGTTGCCTCTCCCAGTGCGTCTATTTAGTGGAGCCTGCAGTTCGTCCCCCTTGC,CCTTGAGCACGAAGACTGCAGGCTCCA,3.6202592577556088
16,3,4,9.760801084634124,41.89200684027793,47.01178996417565,37.250988879541524,-11.5,AGTTGCCTCTCGCCCAGTGCGTCTATTTAGTGGAGCCTGCAGTGTCCCCCTTGCGC,TTGAGCACGAACTGACTGCAGGCTCCA,3.6421260047244974
17,2,4,9.107476057355484,39.61276460149713,46.71399222818462,37.60651617082914,-7.8,CAGTTGCCTCTCGCCAGTGCGTCTATTTAGTGGAGCCTGCAGTCGTCCCCCTTGCG,CTTGAGCACGAACAACTGCAGGCTCCA,3.675487677034166
18,16,2,4.159813814869267,43.49281381420121,45.223076433959534,41.06326261909027,-7.8,TCGCACACACAGCCCAGTGCGTCTATTTAGTGGAGCCTGCAGTGCGCAGTTGCCTC,AACTCGTCCCCCTAACTGCAGGCTCCA,3.676292229426977
19,8,4,5.036006063502555,36.856000776775375,40.919134342874315,41.89200684027793,-9.2,AAACAGCCCAAGTCCAGTGCGTCTATTTAGTGGAGCCTGCAGTCACACAGCAGCAG,AGTTGCCTCTCGCTACTGCAGGCTCCA,3.708557008850426
20,10,4,2.9157652551583624,42.338386868019256,41.28385126919454,39.422621612860894,-7.8,CGCAGTTGCCTCTCCAGTGCGTCTATTTAGTGGAGCCTGCAGTCTCGTCCCCCTTG,TCCTTGAGCACGATACTGCAGGCTCCA,3.73212129710096
21,8,3,9.528963054392875,33.96385075980834,40.61209933154305,43.49281381420121,-11.7,AAGTGGTACACACCCAGTGCGTCTATTTAGTGGAGCCTGCAGTGCAGAAACAGCCC,TCGCACACACAGCTACTGCAGGCTCCA,3.7389431261779063
22,11,3,6.362591380171125,35.593121396097104,40.4268753957507,41.95571277626823,-9.8,GCAGGTCTTTCTCCCAGTGCGTCTATTTAGTGGAGCCTGCAGTCTCACGGAGCTGA,CAGACTCGTCCGGCACTGCAGGCTCCA,3.760559001451899
23,11,2,9.130796695987783,42.75406401058484,46.293750067877454,37.16295337188967,-8.6,ACTCGGTAGGGGCCCAGTGCGTCTATTTAGTGGAGCCTGCAGTGCCCGCATGACGA,ACACACACTCCAGGACTGCAGGCTCCA,3.7770159433051833
24,9,4,5.174752276530171,44.94500545791374,42.569738547817394,39.770253181383566,-9.8,CTCGGTAGGGGCGCCAGTGCGTCTATTTAGTGGAGCCTGCAGTCCCGCATGACGAA,CACACACTCCAGCCACTGCAGGCTCCA,3.8335980770222715
25,12,3,8.004057284294788,35.62066853322506,43.624725817519845,41.45828718026229,-14.1,CTTCTCCATGCAGCCAGTGCGTCTATTTAGTGGAGCCTGCAGTCGGTAGGGGCGAT,CCGCATGACGAACAACTGCAGGCTCCA,3.858946388229878
26,12,3,6.140859259177034,46.97476671028841,40.83390745111137,43.888200302611835,-9.7,CCCCCTTGCGCAGCCAGTGCGTCTATTTAGTGGAGCCTGCAGTAGCACGAACTCGT,GCTGGCCCTCCTTCACTGCAGGCTCCA,3.876718526199687
27,9,3,8.170472661931285,41.08464560423579,37.2592673166821,45.429739978613384,-8.6,GGTAGGGGCGATCCCAGTGCGTCTATTTAGTGGAGCCTGCAGTGCATGACGAACTC,ACACTCCAGCGCCGACTGCAGGCTCCA,3.891640070447243
28,16,3,3.1833677624738357,43.115019402146004,39.93165163967217,41.36831924383489,-9.2,CCCTTGCGCAGTTCCAGTGCGTCTATTTAGTGGAGCCTGCAGTCACGAACTCGTCC,TGGCCCTCCTTGACACTGCAGGCTCCA,3.9710442865065936
29,11,5,0.8904035522893992,43.14221488838888,42.27753270725617,42.25181133609948,-9.2,CTTGCGCAGTTGCCCAGTGCGTCTATTTAGTGGAGCCTGCAGTCGAACTCGTCCCC,GCCCTCCTTGAGCTACTGCAGGCTCCA,3.9836970513640138
30,17,3,3.788027793576873,41.04729511025897,39.221263708782146,37.2592673166821,-10.6,TCTCCATGCAGCCCCAGTGCGTCTATTTAGTGGAGCCTGCAGTGTAGGGGCGATCT,GCATGACGAACTCCACTGCAGGCTCCA,4.116094547288712
31,9,4,6.334090834402275,41.12054012347636,37.40734356593981,43.74143440034209,-8.8,CAGCCCAAGTGGTCCAGTGCGTCTATTTAGTGGAGCCTGCAGTACAGCAGCAGAAA,TGCCTCTCGCACAGACTGCAGGCTCCA,4.126938977339426
32,15,2,6.8190022716696035,46.498508229807726,40.12709530329414,39.67950595813812,-5.6,CCATGCAGCCGCTCCAGTGCGTCTATTTAGTGGAGCCTGCAGTGGGGCGATCTTCT,TGACGAACTCGGTTACTGCAGGCTCCA,4.19295622462879
33,15,3,5.1519134491797445,44.069578845590684,45.279008752473885,40.12709530329414,-8.9,CACTTTGCCGCGACCAGTGCGTCTATTTAGTGGAGCCTGCAGTCATGCAGCCGCTG,GGGGCGATCTTCTGACTGCAGGCTCCA,4.206741282798262
34,18,3,5.233594895326291,41.45828718026229,44.23998949334316,39.00639459801687,-14.4,CCGCATGACGAACCCAGTGCGTCTATTTAGTGGAGCCTGCAGTCACACTCCAGCGC,GCCCAAGTGGTACTACTGCAGGCTCCA,4.21939457135797
35,15,2,8.905171085710663,35.593121396097104,44.498292481807766,38.20019214204706,-9.8,GAGCAGGTCTTTCCCAGTGCGTCTATTTAGTGGAGCCTGCAGTGGCTCACGGAGCT,GTCAGACTCGTCCCACTGCAGGCTCCA,4.232226093177285
36,14,4,2.061389320502599,41.38082869902968,41.99304096017477,39.93165163967217,-7.0,CCTCTCGCACACACCAGTGCGTCTATTTAGTGGAGCCTGCAGTCCTTGCGCAGTTG,CACGAACTCGTCCGACTGCAGGCTCCA,4.235284440213725
37,12,4,4.551292503428215,43.624725817519845,39.688696989914945,44.23998949334316,-8.7,CGGTAGGGGCGATCCAGTGCGTCTATTTAGTGGAGCCTGCAGTCGCATGACGAACT,CACACTCCAGCGCGACTGCAGGCTCCA,4.254855459176756
38,10,4,6.46133875737803,47.08391302824003,40.622574270862,44.78609143265652,-9.2,TCCCCCTTGCGCACCAGTGCGTCTATTTAGTGGAGCCTGCAGTGAGCACGAACTCG,AGCTGGCCCTCCTAACTGCAGGCTCCA,4.266165951293229
39,11,2,10.363852864569196,41.92620331285025,31.56235044828105,34.28483182027168,-5.2,CTTGCACAGCAGCCCAGTGCGTCTATTTAGTGGAGCCTGCAGTTCTCATAGTCACC,CAGGTCTTTCTCCAACTGCAGGCTCCA,4.279281565139141
40,5,6,4.415820306017338,36.805395883690494,41.22121618970783,39.61276460149713,-9.6,GAAACAGCCCAAGCCAGTGCGTCTATTTAGTGGAGCCTGCAGTACACACAGCAGCA,CAGTTGCCTCTCGGACTGCAGGCTCCA,4.291471574685918
41,13,2,10.262623979678551,39.422621612860894,46.92507739020124,36.66245341052269,-8.4,TCCTTGAGCACGACCAGTGCGTCTATTTAGTGGAGCCTGCAGTCAGCAGCTGGCCC,TAGTCACCCTTGCTACTGCAGGCTCCA,4.2972657195673385
42,12,3,9.709475907016383,35.26143621903748,44.97091212605386,42.569738547817394,-12.3,TCTTCTCCATGCACCAGTGCGTCTATTTAGTGGAGCCTGCAGTTCGGTAGGGGCGA,CCCGCATGACGAAGACTGCAGGCTCCA,4.317249657989898
43,10,4,6.0482371326191355,38.15844354910382,37.760270438013436,43.80850757063257,-7.5,AGCCCAAGTGGTACCAGTGCGTCTATTTAGTGGAGCCTGCAGTCAGCAGCAGAAAC,GCCTCTCGCACACTACTGCAGGCTCCA,4.329103735705929
44,6,3,13.229876226330077,38.61937834946701,37.034124051062804,50.26400027739288,-8.6,GGGCGATCTTCTCCCAGTGCGTCTATTTAGTGGAGCCTGCAGTACGAACTCGGTAG,CCAGCGCCCGCATCACTGCAGGCTCCA,4.370763069674741
45,14,4,2.847597561539942,40.294617326848936,43.14221488838888,40.98678800409135,-7.0,CTCTCGCACACACCCAGTGCGTCTATTTAGTGGAGCCTGCAGTCTTGCGCAGTTGC,ACGAACTCGTCCCGACTGCAGGCTCCA,4.378987054327764
46,12,4,6.836656644790139,40.247256383449894,42.40522444768834,47.08391302824003,-11.9,ACACAGCAGCAGACCAGTGCGTCTATTTAGTGGAGCCTGCAGTTTGCCTCTCGCAC,TCCCCCTTGCGCACACTGCAGGCTCCA,4.411971893396329
47,9,3,12.708827405985062,33.58492266189239,44.94500545791374,46.293750067877454,-12.3,ATCTTCTCCATGCCCAGTGCGTCTATTTAGTGGAGCCTGCAGTCTCGGTAGGGGCG,GCCCGCATGACGATACTGCAGGCTCCA,4.419837724662202
48,15,2,9.753573649027658,42.25181133609948,43.22696456343624,33.47339091440858,-8.7,GCCCTCCTTGAGCCCAGTGCGTCTATTTAGTGGAGCCTGCAGTTGCACAGCAGCTG,CTCATAGTCACCCAACTGCAGGCTCCA,4.476878099056133
49,15,2,8.535068117873777,46.54982830295671,40.12709530329414,38.014760185082935,-5.9,TCCATGCAGCCGCCCAGTGCGTCTATTTAGTGGAGCCTGCAGTAGGGGCGATCTTC,ATGACGAACTCGGAACTGCAGGCTCCA,4.482186253857887
50,13,5,1.533104460704294,40.83390745111137,41.48721162563476,42.367011911815666,-8.0,AGCACGAACTCGTCCAGTGCGTCTATTTAGTGGAGCCTGCAGTCTGGCCCTCCTTG,CCCTTGCACAGCACACTGCAGGCTCCA,4.4959824149182
51,6,3,13.789284064822482,37.034124051062804,48.94694075631787,35.15765669149539,-7.6,ACGAACTCGGTAGCCAGTGCGTCTATTTAGTGGAGCCTGCAGTCAGCGCCCGCATG,TGGTACACACACTGACTGCAGGCTCCA,4.554449036143288
52,7,6,3.925425109525463,38.47979933816288,40.247256383449894,42.40522444768834,-8.9,AACAGCCCAAGTGCCAGTGCGTCTATTTAGTGGAGCCTGCAGTACACAGCAGCAGA,GTTGCCTCTCGCAGACTGCAGGCTCCA,4.555931504628422
53,10,2,13.967961933576191,38.83389669254973,48.67351389442115,34.70555196084496,-8.0,AACTCGGTAGGGGCCAGTGCGTCTATTTAGTGGAGCCTGCAGTCGCCCGCATGACG,TACACACACTCCACACTGCAGGCTCCA,4.561468627208546
54,11,4,6.065098944201395,35.15611724550644,36.856000776775375,41.22121618970783,-6.2,GGTACACACACTCCCAGTGCGTCTATTTAGTGGAGCCTGCAGTAAACAGCCCAAGT,ACACACAGCAGCACACTGCAGGCTCCA,4.58659863223797
55,16,4,4.411294998713572,42.569738547817394,41.81047187046374,38.15844354910382,-11.5,CCCGCATGACGAACCAGTGCGTCTATTTAGTGGAGCCTGCAGTACACACTCCAGCG,AGCCCAAGTGGTAGACTGCAGGCTCCA,4.595416212553992
56,15,3,6.65947342264343,43.70907265028552,37.62884733529552,37.04959922764209,-7.4,CTCCATGCAGCCGCCAGTGCGTCTATTTAGTGGAGCCTGCAGTTAGGGGCGATCTT,CATGACGAACTCGCACTGCAGGCTCCA,4.604448748300943
57,19,2,8.292754887029616,35.03656224339204,43.32931713042166,40.239046406816726,-9.8,AGCAGGTCTTTCTCCAGTGCGTCTATTTAGTGGAGCCTGCAGTGCTCACGGAGCTG,TCAGACTCGTCCGCACTGCAGGCTCCA,4.714464252228607
58,7,4,11.119286238745929,37.62884733529552,38.014760185082935,48.74813357404145,-8.6,TAGGGGCGATCTTCCAGTGCGTCTATTTAGTGGAGCCTGCAGTATGACGAACTCGG,ACTCCAGCGCCCGGACTGCAGGCTCCA,4.720773743905558
59,12,4,8.715846002956539,42.40522444768834,47.08391302824003,38.368067025283494,-12.2,GTTGCCTCTCGCACCAGTGCGTCTATTTAGTGGAGCCTGCAGTTCCCCCTTGCGCA,TGAGCACGAACTCCACTGCAGGCTCCA,4.731017528553833
60,13,3,9.61430366858582,39.221263708782146,37.04959922764209,46.66390289622791,-8.6,GTAGGGGCGATCTCCAGTGCGTCTATTTAGTGGAGCCTGCAGTCATGACGAACTCG,CACTCCAGCGCCCCACTGCAGGCTCCA,4.749717712281823
61,7,5,8.643722938892154,47.01178996417565,38.368067025283494,45.33385366868555,-9.2,GTCCCCCTTGCGCCCAGTGCGTCTATTTAGTGGAGCCTGCAGTTGAGCACGAACTC,CAGCTGGCCCTCCAACTGCAGGCTCCA,4.80666837966896
62,14,2,12.250956693809542,38.61199338291209,44.469239539729244,32.2182828459197,-8.2,CCTCCTTGAGCACCCAGTGCGTCTATTTAGTGGAGCCTGCAGTCACAGCAGCTGGC,CATAGTCACCCTTCACTGCAGGCTCCA,4.82552318789153
63,12,6,2.3629096154437548,39.770253181383566,38.15844354910382,37.40734356593981,-10.1,CACACACTCCAGCCCAGTGCGTCTATTTAGTGGAGCCTGCAGTAGCCCAAGTGGTA,ACAGCAGCAGAAAGACTGCAGGCTCCA,4.915329614779757
64,13,6,1.5614904391795221,41.41012751505167,39.84863707587215,41.28385126919454,-10.1,GCACACACAGCAGCCAGTGCGTCTATTTAGTGGAGCCTGCAGTGCAGTTGCCTCTC,CTCGTCCCCCTTGGACTGCAGGCTCCA,4.9173905512484986
65,18,3,6.663172864548585,46.790268167842726,46.498508229807726,40.12709530329414,-8.9,GCACTTTGCCGCGCCAGTGCGTCTATTTAGTGGAGCCTGCAGTCCATGCAGCCGCT,AGGGGCGATCTTCAACTGCAGGCTCCA,4.928599648773858
66,18,2,8.597186129536908,41.76012133166705,33.47339091440858,33.16293520213014,-5.2,TTGCACAGCAGCTCCAGTGCGTCTATTTAGTGGAGCCTGCAGTCTCATAGTCACCC,AGGTCTTTCTCCTAACTGCAGGCTCCA,4.996177971907608
67,10,3,13.36438857572358,32.571933348857215,43.22497287427183,45.936321924580795,-8.5,GGTCTTTCTCCTTCCAGTGCGTCTATTTAGTGGAGCCTGCAGTACGGAGCTGAGCA,ACTCGTCCGGGCTGACTGCAGGCTCCA,4.997668104705346
68,14,4,7.0360266320838605,45.64802001499595,41.06326261909027,38.61199338291209,-8.5,TGCGCAGTTGCCTCCAGTGCGTCTATTTAGTGGAGCCTGCAGTAACTCGTCCCCCT,CCTCCTTGAGCACCACTGCAGGCTCCA,5.022388639664887
69,16,2,10.582836125935387,47.61696017699819,38.61937834946701,37.034124051062804,-5.5,ATGCAGCCGCTGCCCAGTGCGTCTATTTAGTGGAGCCTGCAGTGGCGATCTTCTCC,ACGAACTCGGTAGCACTGCAGGCTCCA,5.037594820790444
70,6,8,1.265023332008127,40.98678800409135,42.25181133609948,41.76012133166705,-9.6,ACGAACTCGTCCCCCAGTGCGTCTATTTAGTGGAGCCTGCAGTGCCCTCCTTGAGC,TTGCACAGCAGCTCACTGCAGGCTCCA,5.038593013900435
71,6,5,10.569172263809833,38.61937834946701,38.37776849250804,48.94694075631787,-8.6,GGCGATCTTCTCCCCAGTGCGTCTATTTAGTGGAGCCTGCAGTCGAACTCGGTAGG,CAGCGCCCGCATGTACTGCAGGCTCCA,5.058919585175006
72,9,3,14.560562492410043,40.12709530329414,37.12074743759467,51.681309930004716,-8.6,GGGGCGATCTTCTCCAGTGCGTCTATTTAGTGGAGCCTGCAGTGACGAACTCGGTA,TCCAGCGCCCGCAAACTGCAGGCTCCA,5.05961639673421
73,9,4,11.367496144263612,37.28342005257167,37.34852025876654,48.65091619683528,-8.6,GCGATCTTCTCCACCAGTGCGTCTATTTAGTGGAGCCTGCAGTGAACTCGGTAGGG,AGCGCCCGCATGAGACTGCAGGCTCCA,5.063228973895495
74,15,3,8.158261314879212,45.279008752473885,38.61937834946701,37.12074743759467,-5.1,CATGCAGCCGCTGCCAGTGCGTCTATTTAGTGGAGCCTGCAGTGGGCGATCTTCTC,GACGAACTCGGTACACTGCAGGCTCCA,5.065703080741828
75,9,3,14.241372520882578,31.264812929103414,42.84599430885663,45.50618544998599,-7.8,GTCTTTCTCCTTCCCAGTGCGTCTATTTAGTGGAGCCTGCAGTCGGAGCTGAGCAG,CTCGTCCGGGCTCTACTGCAGGCTCCA,5.0664252902253875
76,18,4,4.630658340307036,45.73516467414879,41.104506333841755,41.48721162563476,-9.8,CCCCTTGCGCAGTCCAGTGCGTCTATTTAGTGGAGCCTGCAGTGCACGAACTCGTC,CTGGCCCTCCTTGTACTGCAGGCTCCA,5.071043108829498
77,11,2,14.96829682275984,45.68005188814726,36.66245341052269,30.711755065387422,-5.2,ACAGCAGCTGGCCCCAGTGCGTCTATTTAGTGGAGCCTGCAGTTAGTCACCCTTGC,CTTTCTCCTTCTCTACTGCAGGCTCCA,5.120878738504512
78,17,4,6.523496886493888,46.293750067877454,39.770253181383566,41.12054012347636,-11.5,GCCCGCATGACGACCAGTGCGTCTATTTAGTGGAGCCTGCAGTCACACACTCCAGC,CAGCCCAAGTGGTTACTGCAGGCTCCA,5.130026849708258
79,9,5,8.800600076801913,34.28483182027168,40.4268753957507,43.08543189707359,-9.0,CAGGTCTTTCTCCCCAGTGCGTCTATTTAGTGGAGCCTGCAGTTCACGGAGCTGAG,AGACTCGTCCGGGGACTGCAGGCTCCA,5.148717423266779
80,11,7,0.6286161680557711,41.104506333841755,41.36831924383489,40.73970307577912,-8.0,GCACGAACTCGTCCCAGTGCGTCTATTTAGTGGAGCCTGCAGTTGGCCCTCCTTGA,CCTTGCACAGCAGGACTGCAGGCTCCA,5.208051260504527
81,12,5,6.418024407373025,38.368067025283494,44.78609143265652,40.02825887640648,-8.2,TGAGCACGAACTCCCAGTGCGTCTATTTAGTGGAGCCTGCAGTAGCTGGCCCTCCT,CACCCTTGCACAGGACTGCAGGCTCCA,5.224013450413293
82,10,6,5.089520546294239,44.77760773345716,41.33761295462563,39.68808718716292,-8.5,TTGCGCAGTTGCCCCAGTGCGTCTATTTAGTGGAGCCTGCAGTGAACTCGTCCCCC,CCCTCCTTGAGCAGACTGCAGGCTCCA,5.246910582849756
83,11,3,13.821211516531378,37.34852025876654,48.977328762037814,35.15611724550644,-8.0,GAACTCGGTAGGGCCAGTGCGTCTATTTAGTGGAGCCTGCAGTGCGCCCGCATGAC,GTACACACACTCCTACTGCAGGCTCCA,5.270428578814961
84,14,5,6.352192439426403,42.40522444768834,46.97476671028841,40.622574270862,-10.8,TTGCCTCTCGCACCCAGTGCGTCTATTTAGTGGAGCCTGCAGTCCCCCTTGCGCAG,GAGCACGAACTCGAACTGCAGGCTCCA,5.297330096079409
85,7,5,11.301720469138104,40.12709530329414,39.67950595813812,50.981226427276226,-8.6,AGGGGCGATCTTCCCAGTGCGTCTATTTAGTGGAGCCTGCAGTTGACGAACTCGGT,CTCCAGCGCCCGCTACTGCAGGCTCCA,5.341358049116192
86,14,4,8.997581827531178,42.65168218764984,47.61696017699819,38.61937834946701,-8.9,ACTTTGCCGCGAACCAGTGCGTCTATTTAGTGGAGCCTGCAGTATGCAGCCGCTGC,GGGCGATCTTCTCGACTGCAGGCTCCA,5.348345269469899
87,13,3,12.815441616846385,33.16293520213014,43.32931713042166,45.97837681897653,-8.4,AGGTCTTTCTCCTCCAGTGCGTCTATTTAGTGGAGCCTGCAGTCACGGAGCTGAGC,GACTCGTCCGGGCAACTGCAGGCTCCA,5.351107111420524
88,13,4,10.197770883386,41.02885296750043,41.76012133166705,31.56235044828105,-9.6,GGCCCTCCTTGAGCCAGTGCGTCTATTTAGTGGAGCCTGCAGTTTGCACAGCAGCT,TCTCATAGTCACCGACTGCAGGCTCCA,5.3621647793996425
89,11,3,14.130190306800273,37.12074743759467,50.26400027739288,36.13380997059261,-7.5,GACGAACTCGGTACCAGTGCGTCTATTTAGTGGAGCCTGCAGTCCAGCGCCCGCAT,GTGGTACACACACAACTGCAGGCTCCA,5.367622403307604
90,14,6,2.704001236790816,43.80850757063257,43.115019402146004,41.104506333841755,-8.7,GCCTCTCGCACACCCAGTGCGTCTATTTAGTGGAGCCTGCAGTCCCTTGCGCAGTT,GCACGAACTCGTCGACTGCAGGCTCCA,5.388774590980867
91,13,5,6.25247082355628,35.15765669149539,36.805395883690494,41.41012751505167,-7.2,TGGTACACACACTCCAGTGCGTCTATTTAGTGGAGCCTGCAGTGAAACAGCCCAAG,CACACACAGCAGCTACTGCAGGCTCCA,5.423735250253388
92,4,8,5.008088585903181,36.40203892914849,41.41012751505167,39.84863707587215,-9.6,AGAAACAGCCCAACCAGTGCGTCTATTTAGTGGAGCCTGCAGTCACACACAGCAGC,GCAGTTGCCTCTCCACTGCAGGCTCCA,5.425660376168336
93,11,3,15.773909071696039,30.634740789889122,40.60038863126249,46.40864986158516,-10.1,TTTCTCCTTCTCACCAGTGCGTCTATTTAGTGGAGCCTGCAGTAGCTGAGCAGGTC,GTCCGGGCTCACGCACTGCAGGCTCCA,5.456321993219544
94,14,2,14.445392190798032,44.469239539729244,32.2182828459197,30.023847348931213,-5.2,CACAGCAGCTGGCCCAGTGCGTCTATTTAGTGGAGCCTGCAGTATAGTCACCCTTG,TCTTTCTCCTTCTGACTGCAGGCTCCA,5.470933966481299
95,13,7,1.006252956083415,41.99304096017477,40.98678800409135,41.02885296750043,-9.2,CCTTGCGCAGTTGCCAGTGCGTCTATTTAGTGGAGCCTGCAGTACGAACTCGTCCC,GGCCCTCCTTGAGGACTGCAGGCTCCA,5.4764377160515245
96,11,3,15.69689479619774,30.711755065387422,40.60038863126249,46.40864986158516,-9.4,CTTTCTCCTTCTCCCAGTGCGTCTATTTAGTGGAGCCTGCAGTGAGCTGAGCAGGT,CGTCCGGGCTCACCACTGCAGGCTCCA,5.499251819978329
97,9,4,13.494798951328846,38.37776849250804,48.65091619683528,35.15611724550644,-8.0,CGAACTCGGTAGGCCAGTGCGTCTATTTAGTGGAGCCTGCAGTAGCGCCCGCATGA,GGTACACACACTCGACTGCAGGCTCCA,5.500918618365917
98,19,2,10.655031214579026,43.22696456343624,32.91006262578969,32.571933348857215,-5.2,TGCACAGCAGCTGCCAGTGCGTCTATTTAGTGGAGCCTGCAGTTCATAGTCACCCT,GGTCTTTCTCCTTGACTGCAGGCTCCA,5.520853309174843
99,12,6,3.957586751586689,37.16295337188967,41.12054012347636,38.98811573648504,-6.2,ACACACACTCCAGCCAGTGCGTCTATTTAGTGGAGCCTGCAGTCAGCCCAAGTGGT,CACAGCAGCAGAATACTGCAGGCTCCA,5.524410962906349
100,12,3,14.75914329684531,37.04959922764209,48.74813357404145,33.98899027719614,-8.8,CATGACGAACTCGCCAGTGCGTCTATTTAGTGGAGCCTGCAGTACTCCAGCGCCCG,CAAGTGGTACACAGACTGCAGGCTCCA,5.525256692561364
101,16,2,13.20442661062583,44.469239539729244,32.2182828459197,31.264812929103414,-5.2,GCACAGCAGCTGGCCAGTGCGTCTATTTAGTGGAGCCTGCAGTCATAGTCACCCTT,GTCTTTCTCCTTCAACTGCAGGCTCCA,5.541198701640216
102,11,6,5.610311832462401,45.223076433959534,41.06326261909027,39.61276460149713,-7.8,GCGCAGTTGCCTCCCAGTGCGTCTATTTAGTGGAGCCTGCAGTACTCGTCCCCCTT,CTCCTTGAGCACGTACTGCAGGCTCCA,5.547650703662714
103,10,6,7.986650973803364,38.98811573648504,43.74143440034209,46.97476671028841,-10.3,CACAGCAGCAGAACCAGTGCGTCTATTTAGTGGAGCCTGCAGTTGCCTCTCGCACA,CCCCCTTGCGCAGAACTGCAGGCTCCA,5.629858136451212
104,29,3,1.1992955221022044,42.246590632361176,41.04729511025897,41.08464560423579,-7.7,GCTGCACTTTGCCCCAGTGCGTCTATTTAGTGGAGCCTGCAGTTCTCCATGCAGCC,GGTAGGGGCGATCAACTGCAGGCTCCA,5.66162289803977
105,21,3,9.074475813248398,39.688696989914945,45.429739978613384,36.355264165364986,-10.6,CGCATGACGAACTCCAGTGCGTCTATTTAGTGGAGCCTGCAGTACACTCCAGCGCC,CCCAAGTGGTACAGACTGCAGGCTCCA,5.676523145252985
106,14,6,4.901257223037419,43.74143440034209,45.73516467414879,40.83390745111137,-9.9,TGCCTCTCGCACACCAGTGCGTCTATTTAGTGGAGCCTGCAGTCCCCTTGCGCAGT,AGCACGAACTCGTGACTGCAGGCTCCA,5.692662230930093
107,15,6,3.2656260317498322,40.622574270862,43.888200302611835,42.34997842992419,-8.0,GAGCACGAACTCGCCAGTGCGTCTATTTAGTGGAGCCTGCAGTGCTGGCCCTCCTT,ACCCTTGCACAGCTACTGCAGGCTCCA,5.696978233098247
108,16,2,13.995969029158971,43.888200302611835,42.367011911815666,29.892231273452865,-4.4,GCTGGCCCTCCTTCCAGTGCGTCTATTTAGTGGAGCCTGCAGTCCCTTGCACAGCA,CCTTCTCATAGTCTACTGCAGGCTCCA,5.7510265151852495
109,16,3,13.601106895621001,43.15398260740329,46.52674672917789,32.925639833556886,-10.4,TTGCCGCGAAGAGCCAGTGCGTCTATTTAGTGGAGCCTGCAGTCAGCCGCTGCACT,CGATCTTCTCCATCACTGCAGGCTCCA,5.777466313441347
110,16,6,4.050201432450308,41.81047187046374,39.00639459801687,37.760270438013436,-10.3,ACACACTCCAGCGCCAGTGCGTCTATTTAGTGGAGCCTGCAGTGCCCAAGTGGTAC,CAGCAGCAGAAACTACTGCAGGCTCCA,5.801619304458041
111,14,2,16.290336600312116,46.92507739020124,39.3011178494977,30.634740789889122,-5.2,CAGCAGCTGGCCCCCAGTGCGTCTATTTAGTGGAGCCTGCAGTAGTCACCCTTGCA,TTTCTCCTTCTCAAACTGCAGGCTCCA,5.808151666199691
112,21,3,8.920980967661194,44.77760773345716,46.54982830295671,37.62884733529552,-8.6,TGCACTTTGCCGCCCAGTGCGTCTATTTAGTGGAGCCTGCAGTTCCATGCAGCCGC,TAGGGGCGATCTTGACTGCAGGCTCCA,5.8113430156256385
113,19,3,10.803513116474903,42.30202846686825,49.422891465941916,38.61937834946701,-8.9,CTTTGCCGCGAAGCCAGTGCGTCTATTTAGTGGAGCCTGCAGTTGCAGCCGCTGCA,GGCGATCTTCTCCTACTGCAGGCTCCA,5.833912053602559
114,6,8,5.857246156817155,41.33761295462563,38.61199338291209,44.469239539729244,-9.9,GAACTCGTCCCCCCCAGTGCGTCTATTTAGTGGAGCCTGCAGTCCTCCTTGAGCAC,GCACAGCAGCTGGGACTGCAGGCTCCA,5.853525083447147
115,14,4,12.674912619031772,46.66390289622791,33.98899027719614,37.760270438013436,-10.7,CACTCCAGCGCCCCCAGTGCGTCTATTTAGTGGAGCCTGCAGTCAAGTGGTACACA,CAGCAGAAACAGCGACTGCAGGCTCCA,5.873897321455102
116,7,9,1.99455167317808,39.93165163967217,41.02885296750043,41.92620331285025,-9.9,CACGAACTCGTCCCCAGTGCGTCTATTTAGTGGAGCCTGCAGTGGCCCTCCTTGAG,CTTGCACAGCAGCAACTGCAGGCTCCA,5.883287274970831
117,29,2,5.198284863918104,43.14221488838888,38.42644095360174,43.624725817519845,-6.4,CGCTGCACTTTGCCCAGTGCGTCTATTTAGTGGAGCCTGCAGTTTCTCCATGCAGC,CGGTAGGGGCGATGACTGCAGGCTCCA,5.911185495068337
118,22,2,11.559176913939552,39.68808718716292,44.469239539729244,32.91006262578969,-7.9,CCCTCCTTGAGCACCAGTGCGTCTATTTAGTGGAGCCTGCAGTGCACAGCAGCTGG,TCATAGTCACCCTAACTGCAGGCTCCA,5.911861838578611
119,9,4,16.051688928480928,32.925639833556886,38.83389669254973,48.977328762037814,-8.6,CGATCTTCTCCATCCAGTGCGTCTATTTAGTGGAGCCTGCAGTAACTCGGTAGGGG,GCGCCCGCATGACCACTGCAGGCTCCA,5.919402584105942
120,10,3,18.983847703794083,28.69883064376978,36.70786231751771,47.682678347563865,-9.7,TCTCCTTCTCATACCAGTGCGTCTATTTAGTGGAGCCTGCAGTCTGAGCAGGTCTT,CCGGGCTCACGGACACTGCAGGCTCCA,5.927063735845946
121,27,3,4.487808941503374,41.99304096017477,43.70907265028552,39.221263708782146,-8.0,CTGCACTTTGCCGCCAGTGCGTCTATTTAGTGGAGCCTGCAGTCTCCATGCAGCCG,GTAGGGGCGATCTAACTGCAGGCTCCA,5.941176248102017
122,12,4,12.940655321002737,41.36831924383489,41.92620331285025,28.98554799184751,-6.7,TGGCCCTCCTTGACCAGTGCGTCTATTTAGTGGAGCCTGCAGTCTTGCACAGCAGC,TTCTCATAGTCACGACTGCAGGCTCCA,5.951133114042642
123,12,4,15.106343585897491,50.26400027739288,35.15765669149539,36.40203892914849,-11.1,CCAGCGCCCGCATCCAGTGCGTCTATTTAGTGGAGCCTGCAGTTGGTACACACACT,AGAAACAGCCCAACACTGCAGGCTCCA,5.988649938883225
124,15,5,8.082864789144026,37.250988879541524,45.33385366868555,39.852161907828076,-7.9,TTGAGCACGAACTCCAGTGCGTCTATTTAGTGGAGCCTGCAGTCAGCTGGCCCTCC,TCACCCTTGCACACACTGCAGGCTCCA,5.998374575520056
125,6,7,8.864524947469647,31.56235044828105,33.16293520213014,40.4268753957507,-7.6,TCTCATAGTCACCCCAGTGCGTCTATTTAGTGGAGCCTGCAGTAGGTCTTTCTCCT,TCACGGAGCTGAGGACTGCAGGCTCCA,6.003261269740228
126,14,4,13.790823510811435,48.94694075631787,35.15611724550644,36.805395883690494,-11.1,CAGCGCCCGCATGCCAGTGCGTCTATTTAGTGGAGCCTGCAGTGGTACACACACTC,GAAACAGCCCAAGAACTGCAGGCTCCA,6.045287653548264
127,14,6,7.884725327978174,44.23998949334316,36.355264165364986,37.40734356593981,-10.3,CACACTCCAGCGCCCAGTGCGTCTATTTAGTGGAGCCTGCAGTCCCAAGTGGTACA,AGCAGCAGAAACACACTGCAGGCTCCA,6.205403415800733
128,11,4,13.953594795329252,42.367011911815666,28.413417116486414,35.03656224339204,-3.5,CCCTTGCACAGCACCAGTGCGTCTATTTAGTGGAGCCTGCAGTCTTCTCATAGTCA,AGCAGGTCTTTCTGACTGCAGGCTCCA,6.248334603759688
129,10,8,4.856474938232111,41.06326261909027,39.61276460149713,44.469239539729244,-9.9,AACTCGTCCCCCTCCAGTGCGTCTATTTAGTGGAGCCTGCAGTCTCCTTGAGCACG,CACAGCAGCTGGCGACTGCAGGCTCCA,6.264779972861305
130,16,5,8.879101614402202,37.60651617082914,46.48561778523134,40.08496493066423,-7.9,CTTGAGCACGAACCCAGTGCGTCTATTTAGTGGAGCCTGCAGTGCAGCTGGCCCTC,GTCACCCTTGCACTACTGCAGGCTCCA,6.2924540026253615
131,15,3,16.523653238509326,39.67950595813812,51.681309930004716,35.15765669149539,-8.7,TGACGAACTCGGTCCAGTGCGTCTATTTAGTGGAGCCTGCAGTTCCAGCGCCCGCA,AGTGGTACACACAGACTGCAGGCTCCA,6.301547797353373
132,11,5,11.754155083931607,40.73970307577912,28.98554799184751,35.593121396097104,-5.0,CCTTGCACAGCAGCCAGTGCGTCTATTTAGTGGAGCCTGCAGTTTCTCATAGTCAC,GCAGGTCTTTCTCGACTGCAGGCTCCA,6.31140492371009
133,20,3,11.560555008792448,45.14547767068484,33.58492266189239,42.75406401058484,-6.4,AGCCGCTGCACTTCCAGTGCGTCTATTTAGTGGAGCCTGCAGTATCTTCTCCATGC,ACTCGGTAGGGGCCACTGCAGGCTCCA,6.324421901108622
134,27,2,9.350243592828804,41.99304096017477,35.62066853322506,44.97091212605386,-6.4,CCGCTGCACTTTGCCAGTGCGTCTATTTAGTGGAGCCTGCAGTCTTCTCCATGCAG,TCGGTAGGGGCGAAACTGCAGGCTCCA,6.372990132000765
135,12,4,16.609921074849353,29.329117447841895,35.61371716377113,45.93903852269125,-9.7,CTCCTTCTCATAGCCAGTGCGTCTATTTAGTGGAGCCTGCAGTTGAGCAGGTCTTT,CGGGCTCACGGAGGACTGCAGGCTCCA,6.377485710785825
136,16,2,17.78678714146156,46.48561778523134,39.852161907828076,28.69883064376978,-5.2,GCAGCTGGCCCTCCCAGTGCGTCTATTTAGTGGAGCCTGCAGTTCACCCTTGCACA,TCTCCTTCTCATACACTGCAGGCTCCA,6.37875948098953
137,9,6,10.863509035915342,40.02825887640648,29.16474984049114,35.61371716377113,-5.7,CACCCTTGCACAGCCAGTGCGTCTATTTAGTGGAGCCTGCAGTTCCTTCTCATAGT,TGAGCAGGTCTTTGACTGCAGGCTCCA,6.381758302034814
138,18,2,16.34283316785718,46.46760804730877,40.08496493066423,30.124774879451593,-5.2,AGCAGCTGGCCCTCCAGTGCGTCTATTTAGTGGAGCCTGCAGTGTCACCCTTGCAC,TTCTCCTTCTCATTACTGCAGGCTCCA,6.4119221339666
139,12,8,4.300718216982887,38.03766865103637,41.41012751505167,42.338386868019256,-9.7,CAGAAACAGCCCACCAGTGCGTCTATTTAGTGGAGCCTGCAGTGCACACACAGCAG,CGCAGTTGCCTCTGACTGCAGGCTCCA,6.476574278436786
140,8,6,15.823569735780836,50.981226427276226,35.15765669149539,40.61209933154305,-13.6,CTCCAGCGCCCGCCCAGTGCGTCTATTTAGTGGAGCCTGCAGTAGTGGTACACACA,GCAGAAACAGCCCTACTGCAGGCTCCA,6.4964526266696545
141,8,6,14.784282814233109,48.74813357404145,33.96385075980834,38.76549649662536,-11.1,ACTCCAGCGCCCGCCAGTGCGTCTATTTAGTGGAGCCTGCAGTAAGTGGTACACAC,AGCAGAAACAGCCGACTGCAGGCTCCA,6.5100869052648696
142,10,8,5.354748964132568,37.760270438013436,41.38082869902968,43.115019402146004,-8.0,CAGCAGCAGAAACCCAGTGCGTCTATTTAGTGGAGCCTGCAGTCCTCTCGCACACA,CCCTTGCGCAGTTCACTGCAGGCTCCA,6.5105859419429715
143,9,6,11.901557987492708,40.08496493066423,28.69883064376978,40.60038863126249,-6.2,GTCACCCTTGCACCCAGTGCGTCTATTTAGTGGAGCCTGCAGTTCTCCTTCTCATA,GCTGAGCAGGTCTAACTGCAGGCTCCA,6.530773303249767
144,20,2,15.621341592165379,44.78609143265652,42.34997842992419,29.16474984049114,-4.4,AGCTGGCCCTCCTCCAGTGCGTCTATTTAGTGGAGCCTGCAGTACCCTTGCACAGC,TCCTTCTCATAGTGACTGCAGGCTCCA,6.6422862007283445
145,16,4,13.073794509148343,41.48721162563476,40.73970307577912,28.413417116486414,-5.1,CTGGCCCTCCTTGCCAGTGCGTCTATTTAGTGGAGCCTGCAGTCCTTGCACAGCAG,CTTCTCATAGTCAGACTGCAGGCTCCA,6.699943829930113
146,17,6,6.414988162631403,34.70555196084496,41.12054012347636,40.247256383449894,-6.2,TACACACACTCCACCAGTGCGTCTATTTAGTGGAGCCTGCAGTACAGCCCAAGTGG,ACACAGCAGCAGATACTGCAGGCTCCA,6.7162921174330545
147,25,3,9.68356923887626,44.28309698003005,35.26143621903748,44.94500545791374,-6.4,GCCGCTGCACTTTCCAGTGCGTCTATTTAGTGGAGCCTGCAGTTCTTCTCCATGCA,CTCGGTAGGGGCGTACTGCAGGCTCCA,6.724066678585091
148,21,2,16.3324832157312,49.25812304928809,32.925639833556886,37.34852025876654,-6.6,GCAGCCGCTGCACCCAGTGCGTCTATTTAGTGGAGCCTGCAGTCGATCTTCTCCAT,GAACTCGGTAGGGCACTGCAGGCTCCA,6.741648873393515
149,10,5,17.01737566746789,38.014760185082935,50.981226427276226,33.96385075980834,-9.0,ATGACGAACTCGGCCAGTGCGTCTATTTAGTGGAGCCTGCAGTCTCCAGCGCCCGC,AAGTGGTACACACTACTGCAGGCTCCA,6.79911794071921
150,8,9,6.257430275286367,41.06326261909027,39.422621612860894,45.68005188814726,-9.9,ACTCGTCCCCCTTCCAGTGCGTCTATTTAGTGGAGCCTGCAGTTCCTTGAGCACGA,ACAGCAGCTGGCCGACTGCAGGCTCCA,6.8109971571232695
151,9,6,12.457747156471328,42.34997842992419,29.892231273452865,35.593121396097104,-3.8,ACCCTTGCACAGCCCAGTGCGTCTATTTAGTGGAGCCTGCAGTCCTTCTCATAGTC,GAGCAGGTCTTTCAACTGCAGGCTCCA,6.827883852057689
152,7,8,9.463003348643099,46.71399222818462,37.250988879541524,46.48561778523134,-7.7,CGTCCCCCTTGCGCCAGTGCGTCTATTTAGTGGAGCCTGCAGTTTGAGCACGAACT,GCAGCTGGCCCTCGACTGCAGGCTCCA,6.840289866331725
153,14,4,17.557903468112272,30.124774879451593,40.60038863126249,47.682678347563865,-9.7,TTCTCCTTCTCATCCAGTGCGTCTATTTAGTGGAGCCTGCAGTGCTGAGCAGGTCT,TCCGGGCTCACGGTACTGCAGGCTCCA,6.847844885971496
154,8,7,11.441327403903188,28.98554799184751,34.28483182027168,40.4268753957507,-6.6,TTCTCATAGTCACCCAGTGCGTCTATTTAGTGGAGCCTGCAGTCAGGTCTTTCTCC,CTCACGGAGCTGACACTGCAGGCTCCA,6.852772859379023
155,9,7,10.475613751810897,39.3011178494977,30.124774879451593,40.60038863126249,-6.2,AGTCACCCTTGCACCAGTGCGTCTATTTAGTGGAGCCTGCAGTTTCTCCTTCTCAT,AGCTGAGCAGGTCAACTGCAGGCTCCA,6.85737927295656
156,25,3,11.974702996716417,42.22270113079571,49.25812304928809,37.28342005257167,-9.9,TTTGCCGCGAAGACCAGTGCGTCTATTTAGTGGAGCCTGCAGTGCAGCCGCTGCAC,GCGATCTTCTCCAAACTGCAGGCTCCA,6.857806346159016
157,19,3,15.980884823047973,30.023847348931213,41.9221107481888,46.004732171979185,-7.8,TCTTTCTCCTTCTCCAGTGCGTCTATTTAGTGGAGCCTGCAGTGGAGCTGAGCAGG,TCGTCCGGGCTCAGACTGCAGGCTCCA,6.869810131239847
158,6,9,8.309372956436675,41.28385126919454,38.61570443376456,46.92507739020124,-9.9,CTCGTCCCCCTTGCCAGTGCGTCTATTTAGTGGAGCCTGCAGTCCTTGAGCACGAA,CAGCAGCTGGCCCAACTGCAGGCTCCA,6.888962271658389
159,16,6,10.0503796797762,45.429739978613384,35.379360298837184,37.760270438013436,-10.3,ACACTCCAGCGCCCCAGTGCGTCTATTTAGTGGAGCCTGCAGTCCAAGTGGTACAC,GCAGCAGAAACAGGACTGCAGGCTCCA,6.898327853522931
160,27,2,12.139471413370245,49.422891465941916,37.28342005257167,38.37776849250804,-6.0,TGCAGCCGCTGCACCAGTGCGTCTATTTAGTGGAGCCTGCAGTGCGATCTTCTCCA,CGAACTCGGTAGGCACTGCAGGCTCCA,6.915378430233383
161,14,4,16.004736220843654,45.33385366868555,40.02825887640648,29.329117447841895,-4.8,CAGCTGGCCCTCCCCAGTGCGTCTATTTAGTGGAGCCTGCAGTCACCCTTGCACAG,CTCCTTCTCATAGAACTGCAGGCTCCA,6.963003130017127
162,18,5,11.284542597390725,37.2592673166821,46.66390289622791,35.379360298837184,-8.5,GCATGACGAACTCCCAGTGCGTCTATTTAGTGGAGCCTGCAGTCACTCCAGCGCCC,CCAAGTGGTACACTACTGCAGGCTCCA,6.980343813166537
163,10,5,17.76827032652608,30.90524356789507,42.75406401058484,48.67351389442115,-8.2,GATCTTCTCCATGCCAGTGCGTCTATTTAGTGGAGCCTGCAGTACTCGGTAGGGGC,CGCCCGCATGACGTACTGCAGGCTCCA,7.001516184094995
164,6,9,8.861091876479634,44.17024260624504,37.60651617082914,46.46760804730877,-9.1,TCGTCCCCCTTGCCCAGTGCGTCTATTTAGTGGAGCCTGCAGTCTTGAGCACGAAC,AGCAGCTGGCCCTGACTGCAGGCTCCA,7.054955307265277
165,4,9,9.965647841373368,36.66245341052269,30.634740789889122,40.60038863126249,-7.2,TAGTCACCCTTGCCCAGTGCGTCTATTTAGTGGAGCCTGCAGTTTTCTCCTTCTCA,GAGCTGAGCAGGTGACTGCAGGCTCCA,7.114489491640326
166,11,7,10.523044459986181,39.852161907828076,29.329117447841895,36.70786231751771,-6.2,TCACCCTTGCACACCAGTGCGTCTATTTAGTGGAGCCTGCAGTCTCCTTCTCATAG,CTGAGCAGGTCTTAACTGCAGGCTCCA,7.16313621614178
167,22,4,13.494798951328846,48.65091619683528,35.15611724550644,36.856000776775375,-10.8,AGCGCCCGCATGACCAGTGCGTCTATTTAGTGGAGCCTGCAGTGTACACACACTCC,AAACAGCCCAAGTCACTGCAGGCTCCA,7.203962177545336
168,12,8,8.32782110820898,37.40734356593981,43.80850757063257,45.73516467414879,-9.2,ACAGCAGCAGAAACCAGTGCGTCTATTTAGTGGAGCCTGCAGTGCCTCTCGCACAC,CCCCTTGCGCAGTAACTGCAGGCTCCA,7.253364328228449
169,18,6,11.510560522531478,48.67351389442115,37.16295337188967,41.12054012347636,-11.5,CGCCCGCATGACGCCAGTGCGTCTATTTAGTGGAGCCTGCAGTACACACACTCCAG,ACAGCCCAAGTGGAACTGCAGGCTCCA,7.364580984128837
170,10,10,4.5856973942349555,37.40734356593981,40.294617326848936,41.99304096017477,-8.7,AGCAGCAGAAACACCAGTGCGTCTATTTAGTGGAGCCTGCAGTCTCTCGCACACAC,CCTTGCGCAGTTGGACTGCAGGCTCCA,7.487490966639923
171,27,2,15.621503161282817,46.52674672917789,30.90524356789507,38.83389669254973,-6.4,CAGCCGCTGCACTCCAGTGCGTCTATTTAGTGGAGCCTGCAGTGATCTTCTCCATG,AACTCGGTAGGGGGACTGCAGGCTCCA,7.5192467428262395
172,22,4,15.547499959412107,51.681309930004716,36.13380997059261,38.03766865103637,-11.1,TCCAGCGCCCGCACCAGTGCGTCTATTTAGTGGAGCCTGCAGTGTGGTACACACAC,CAGAAACAGCCCATACTGCAGGCTCCA,7.5547221555077355
173,11,9,7.851903613544209,38.61570443376456,46.46760804730877,39.3011178494977,-8.4,CCTTGAGCACGAACCAGTGCGTCTATTTAGTGGAGCCTGCAGTAGCAGCTGGCCCT,AGTCACCCTTGCAGACTGCAGGCTCCA,7.670221974367801
174,12,10,5.381944450375443,37.760270438013436,40.587733983011844,43.14221488838888,-8.9,GCAGCAGAAACAGCCAGTGCGTCTATTTAGTGGAGCCTGCAGTTCTCGCACACACA,CTTGCGCAGTTGCGACTGCAGGCTCCA,7.913828503330745
175,11,10,5.763017097367879,35.15611724550644,38.47979933816288,40.919134342874315,-6.2,GTACACACACTCCCCAGTGCGTCTATTTAGTGGAGCCTGCAGTAACAGCCCAAGTG,CACACAGCAGCAGTACTGCAGGCTCCA,8.054818910059874
176,20,6,13.461769042227559,39.61276460149713,45.68005188814726,32.2182828459197,-8.4,CTCCTTGAGCACGCCAGTGCGTCTATTTAGTGGAGCCTGCAGTACAGCAGCTGGCC,ATAGTCACCCTTGGACTGCAGGCTCCA,8.270766267177342
177,10,9,11.960159945168414,32.91006262578969,31.264812929103414,43.22497287427183,-8.0,TCATAGTCACCCTCCAGTGCGTCTATTTAGTGGAGCCTGCAGTGTCTTTCTCCTTC,ACGGAGCTGAGCACACTGCAGGCTCCA,8.305157622614546
178,18,8,10.615367563136033,35.61371716377113,46.22908472690716,36.32576937950847,-9.8,TGAGCAGGTCTTTCCAGTGCGTCTATTTAGTGGAGCCTGCAGTGGGCTCACGGAGC,AGTCAGACTCGTCGACTGCAGGCTCCA,8.51388063655206
179,21,7,11.885237365953856,40.60038863126249,47.682678347563865,35.79744098161001,-10.0,GCTGAGCAGGTCTCCAGTGCGTCTATTTAGTGGAGCCTGCAGTCCGGGCTCACGGA,AGAGTCAGACTCGAACTGCAGGCTCCA,8.58809131665989
180,8,12,6.88252351837059,38.76549649662536,43.49281381420121,45.64802001499595,-9.7,AGCAGAAACAGCCCCAGTGCGTCTATTTAGTGGAGCCTGCAGTTCGCACACACAGC,TGCGCAGTTGCCTGACTGCAGGCTCCA,8.703256133085338
181,8,12,7.017337295443724,37.760270438013436,40.73039308340714,44.77760773345716,-9.8,CAGCAGAAACAGCCCAGTGCGTCTATTTAGTGGAGCCTGCAGTCTCGCACACACAG,TTGCGCAGTTGCCAACTGCAGGCTCCA,8.719753526933001
182,6,11,11.210355682801378,32.2182828459197,30.711755065387422,41.9221107481888,-8.0,ATAGTCACCCTTGCCAGTGCGTCTATTTAGTGGAGCCTGCAGTCTTTCTCCTTCTC,GGAGCTGAGCAGGAACTGCAGGCTCCA,8.748411921128026
183,12,8,17.06433488641602,29.16474984049114,35.593121396097104,46.22908472690716,-9.7,TCCTTCTCATAGTCCAGTGCGTCTATTTAGTGGAGCCTGCAGTGAGCAGGTCTTTC,GGGCTCACGGAGCAACTGCAGGCTCCA,8.809499558547081
184,8,13,4.610977102416484,40.61209933154305,43.92769398443215,45.223076433959534,-10.3,GCAGAAACAGCCCCCAGTGCGTCTATTTAGTGGAGCCTGCAGTCGCACACACAGCA,GCGCAGTTGCCTCAACTGCAGGCTCCA,8.826440837827285
185,8,10,14.606061208354902,29.892231273452865,35.03656224339204,44.498292481807766,-9.7,CCTTCTCATAGTCCCAGTGCGTCTATTTAGTGGAGCCTGCAGTAGCAGGTCTTTCT,GGCTCACGGAGCTCACTGCAGGCTCCA,8.94048096502729
186,16,10,9.613269143182777,36.70786231751771,45.93903852269125,36.32576937950847,-9.8,CTGAGCAGGTCTTCCAGTGCGTCTATTTAGTGGAGCCTGCAGTCGGGCTCACGGAG,GAGTCAGACTCGTGACTGCAGGCTCCA,9.208108368645112
187,6,12,10.757383781564442,33.47339091440858,32.571933348857215,43.32931713042166,-7.9,CTCATAGTCACCCCCAGTGCGTCTATTTAGTGGAGCCTGCAGTGGTCTTTCTCCTT,CACGGAGCTGAGCTACTGCAGGCTCCA,9.261000898228335
188,14,9,15.932363064395247,46.83760663229032,45.14547767068484,30.90524356789507,-10.6,TGCCGCGAAGAGCCCAGTGCGTCTATTTAGTGGAGCCTGCAGTAGCCGCTGCACTT,GATCTTCTCCATGGACTGCAGGCTCCA,9.413631198930183
189,11,10,14.915900013935243,28.413417116486414,35.593121396097104,43.32931713042166,-8.9,CTTCTCATAGTCACCAGTGCGTCTATTTAGTGGAGCCTGCAGTGCAGGTCTTTCTC,GCTCACGGAGCTGTACTGCAGGCTCCA,9.507894701124307
190,14,10,14.271776801192857,48.977328762037814,34.70555196084496,38.47979933816288,-11.7,GCGCCCGCATGACCCAGTGCGTCTATTTAGTGGAGCCTGCAGTTACACACACTCCA,AACAGCCCAAGTGCACTGCAGGCTCCA,9.607767901160368
191,8,13,12.82214695992542,32.2182828459197,30.023847348931213,42.84599430885663,-8.0,CATAGTCACCCTTCCAGTGCGTCTATTTAGTGGAGCCTGCAGTTCTTTCTCCTTCT,CGGAGCTGAGCAGCACTGCAGGCTCCA,10.514579836433692
192,4,20,3.5388773762733194,42.27753270725617,39.68808718716292,43.22696456343624,-11.4,CGAACTCGTCCCCCCAGTGCGTCTATTTAGTGGAGCCTGCAGTCCCTCCTTGAGCA,TGCACAGCAGCTGCACTGCAGGCTCCA,12.057400128375553
